Workbook

Sheet Sheet1
A1: Diameter (in) | B1: Drill Depth (in) | C1: Angle (degrees) | D1: Factor | E1: Tip Depth (in) | F1: Total Depth (in)
A2: 0.25 | B2: 0.375 | C2: 60 | D2: 0.866 | E2: =$A$2 * D2 -> 0.2165 | F2: =$B$2 + E2 -> 0.5915
C3: 82 | D3: 0.575 | E3: =$A$2 * D3 -> 0.14375 | F3: =$B$2 + E3 -> 0.51875
C4: 90 | D4: 0.5 | E4: =$A$2 * D4 -> 0.125 | F4: =$B$2 + E4 -> 0.5
C5: 118 | D5: 0.3 | E5: =$A$2 * D5 -> 0.075 | F5: =$B$2 + E5 -> 0.45
C6: 120 | D6: 0.288 | E6: =$A$2 * D6 -> 0.072 | F6: =$B$2 + E6 -> 0.447
C7: 135 | D7: 0.207 | E7: =$A$2 * D7 -> 0.05175 | F7: =$B$2 + E7 -> 0.42675

Sheet Sheet2
G1: Peck (Q)
H2: Blind Hole | J2: Through Hole
A3: Diameter (in) | B3: Angle (degrees) | C3: Factor | D3: Tip Depth (in) | E3: Blind Hole Depth (in) | F3: Through Hole Depth (in) | G3: Estimated Drill Increment (in) | H3: Quantity | I3: Drill Increment (in) | J3: Quantity | K3: Drill Increment (in)
A4: =Sheet3!A4 -> 0.1495 | B4: 30 | C4: =1 / (2 * TAN(RADIANS(B4 / 2))) -> 1.8660254 | D4: =$A$4 * C4 * -1 -> -0.2789708 | E4: =$A$7 + D4 -> -0.60300833 | F4: =E4 + $A$10 -> -0.62300833 | G4: =A4 / 2 * -1 -> -0.07475 | H4: =ROUNDUP(E4 / $G$4, 0) -> 9 | I4: =E4 / $H$4 -> -0.067000926 | J4: =ROUNDUP(F4 / $G$4, 0) -> 9 | K4: =F4 / $J$4 -> -0.069223148
B5: 45 | C5: =1 / (2 * TAN(RADIANS(B5 / 2))) -> 1.2071068 | D5: =$A$4 * C5 * -1 -> -0.18046246 | E5: =$A$7 + D5 -> -0.5045 | F5: =E5 + $A$10 -> -0.5245 | H5: =ROUNDUP(E5 / $G$4, 0) -> 7 | I5: =E5 / $H$4 -> -0.056055556 | J5: =ROUNDUP(F5 / $G$4, 0) -> 8 | K5: =F5 / $J$4 -> -0.058277778
A6: Drill Depth (in) | B6: 60 | C6: =1 / (2 * TAN(RADIANS(B6 / 2))) -> 0.8660254 | D6: =$A$4 * C6 * -1 -> -0.1294708 | E6: =$A$7 + D6 -> -0.45350833 | F6: =E6 + $A$10 -> -0.47350833 | H6: =ROUNDUP(E6 / $G$4, 0) -> 7 | I6: =E6 / $H$4 -> -0.050389815 | J6: =ROUNDUP(F6 / $G$4, 0) -> 7 | K6: =F6 / $J$4 -> -0.052612037
A7: =Sheet3!A7 -> -0.32403754 | B7: 82 | C7: =1 / (2 * TAN(RADIANS(B7 / 2))) -> 0.5751842 | D7: =$A$4 * C7 * -1 -> -0.085990038 | E7: =$A$7 + D7 -> -0.41002757 | F7: =E7 + $A$10 -> -0.43002757 | H7: =ROUNDUP(E7 / $G$4, 0) -> 6 | I7: =E7 / $H$4 -> -0.045558619 | J7: =ROUNDUP(F7 / $G$4, 0) -> 6 | K7: =F7 / $J$4 -> -0.047780842
B8: 85 | C8: =1 / (2 * TAN(RADIANS(B8 / 2))) -> 0.54565425 | D8: =$A$4 * C8 * -1 -> -0.08157531 | E8: =$A$7 + D8 -> -0.40561285 | F8: =E8 + $A$10 -> -0.42561285 | H8: =ROUNDUP(E8 / $G$4, 0) -> 6 | I8: =E8 / $H$4 -> -0.045068094 | J8: =ROUNDUP(F8 / $G$4, 0) -> 6 | K8: =F8 / $J$4 -> -0.047290316
A9: Break Through (in) | B9: 90 | C9: =1 / (2 * TAN(RADIANS(B9 / 2))) -> 0.5 | D9: =$A$4 * C9 * -1 -> -0.07475 | E9: =$A$7 + D9 -> -0.39878754 | F9: =E9 + $A$10 -> -0.41878754 | H9: =ROUNDUP(E9 / $G$4, 0) -> 6 | I9: =E9 / $H$4 -> -0.044309726 | J9: =ROUNDUP(F9 / $G$4, 0) -> 6 | K9: =F9 / $J$4 -> -0.046531948
A10: -0.02 | B10: 100 | C10: =1 / (2 * TAN(RADIANS(B10 / 2))) -> 0.41954982 | D10: =$A$4 * C10 * -1 -> -0.062722697 | E10: =$A$7 + D10 -> -0.38676023 | F10: =E10 + $A$10 -> -0.40676023 | H10: =ROUNDUP(E10 / $G$4, 0) -> 6 | I10: =E10 / $H$4 -> -0.042973359 | J10: =ROUNDUP(F10 / $G$4, 0) -> 6 | K10: =F10 / $J$4 -> -0.045195582
B11: 110 | C11: =1 / (2 * TAN(RADIANS(B11 / 2))) -> 0.35010377 | D11: =$A$4 * C11 * -1 -> -0.052340513 | E11: =$A$7 + D11 -> -0.37637805 | F11: =E11 + $A$10 -> -0.39637805 | H11: =ROUNDUP(E11 / $G$4, 0) -> 6 | I11: =E11 / $H$4 -> -0.041819783 | J11: =ROUNDUP(F11 / $G$4, 0) -> 6 | K11: =F11 / $J$4 -> -0.044042006
B12: 118 | C12: =1 / (2 * TAN(RADIANS(B12 / 2))) -> 0.30043031 | D12: =$A$4 * C12 * -1 -> -0.044914331 | E12: =$A$7 + D12 -> -0.36895187 | F12: =E12 + $A$10 -> -0.38895187 | H12: =ROUNDUP(E12 / $G$4, 0) -> 5 | I12: =E12 / $H$4 -> -0.040994652 | J12: =ROUNDUP(F12 / $G$4, 0) -> 6 | K12: =F12 / $J$4 -> -0.043216874
B13: 120 | C13: =1 / (2 * TAN(RADIANS(B13 / 2))) -> 0.28867513 | D13: =$A$4 * C13 * -1 -> -0.043156933 | E13: =$A$7 + D13 -> -0.36719447 | F13: =E13 + $A$10 -> -0.38719447 | H13: =ROUNDUP(E13 / $G$4, 0) -> 5 | I13: =E13 / $H$4 -> -0.040799385 | J13: =ROUNDUP(F13 / $G$4, 0) -> 6 | K13: =F13 / $J$4 -> -0.043021608
B14: 124 | C14: =1 / (2 * TAN(RADIANS(B14 / 2))) -> 0.26585472 | D14: =$A$4 * C14 * -1 -> -0.03974528 | E14: =$A$7 + D14 -> -0.36378282 | F14: =E14 + $A$10 -> -0.38378282 | H14: =ROUNDUP(E14 / $G$4, 0) -> 5 | I14: =E14 / $H$4 -> -0.040420313 | J14: =ROUNDUP(F14 / $G$4, 0) -> 6 | K14: =F14 / $J$4 -> -0.042642535
B15: 127 | C15: =1 / (2 * TAN(RADIANS(B15 / 2))) -> 0.2492908 | D15: =$A$4 * C15 * -1 -> -0.037268975 | E15: =$A$7 + D15 -> -0.36130651 | F15: =E15 + $A$10 -> -0.38130651 | H15: =ROUNDUP(E15 / $G$4, 0) -> 5 | I15: =E15 / $H$4 -> -0.040145168 | J15: =ROUNDUP(F15 / $G$4, 0) -> 6 | K15: =F15 / $J$4 -> -0.04236739
B16: 130 | C16: =1 / (2 * TAN(RADIANS(B16 / 2))) -> 0.23315383 | D16: =$A$4 * C16 * -1 -> -0.034856497 | E16: =$A$7 + D16 -> -0.35889403 | F16: =E16 + $A$10 -> -0.37889403 | H16: =ROUNDUP(E16 / $G$4, 0) -> 5 | I16: =E16 / $H$4 -> -0.039877115 | J16: =ROUNDUP(F16 / $G$4, 0) -> 6 | K16: =F16 / $J$4 -> -0.042099337
B17: 132 | C17: =1 / (2 * TAN(RADIANS(B17 / 2))) -> 0.22261434 | D17: =$A$4 * C17 * -1 -> -0.033280844 | E17: =$A$7 + D17 -> -0.35731838 | F17: =E17 + $A$10 -> -0.37731838 | H17: =ROUNDUP(E17 / $G$4, 0) -> 5 | I17: =E17 / $H$4 -> -0.039702042 | J17: =ROUNDUP(F17 / $G$4, 0) -> 6 | K17: =F17 / $J$4 -> -0.041924264
B18: 135 | C18: =1 / (2 * TAN(RADIANS(B18 / 2))) -> 0.20710678 | D18: =$A$4 * C18 * -1 -> -0.030962464 | E18: =$A$7 + D18 -> -0.355 | F18: =E18 + $A$10 -> -0.375 | H18: =ROUNDUP(E18 / $G$4, 0) -> 5 | I18: =E18 / $H$4 -> -0.039444444 | J18: =ROUNDUP(F18 / $G$4, 0) -> 6 | K18: =F18 / $J$4 -> -0.041666667
B19: 137 | C19: =1 / (2 * TAN(RADIANS(B19 / 2))) -> 0.19695524 | D19: =$A$4 * C19 * -1 -> -0.029444808 | E19: =$A$7 + D19 -> -0.35348234 | F19: =E19 + $A$10 -> -0.37348234 | H19: =ROUNDUP(E19 / $G$4, 0) -> 5 | I19: =E19 / $H$4 -> -0.039275816 | J19: =ROUNDUP(F19 / $G$4, 0) -> 5 | K19: =F19 / $J$4 -> -0.041498038
B20: 140 | C20: =1 / (2 * TAN(RADIANS(B20 / 2))) -> 0.18198512 | D20: =$A$4 * C20 * -1 -> -0.027206775 | E20: =$A$7 + D20 -> -0.35124431 | F20: =E20 + $A$10 -> -0.37124431 | H20: =ROUNDUP(E20 / $G$4, 0) -> 5 | I20: =E20 / $H$4 -> -0.039027146 | J20: =ROUNDUP(F20 / $G$4, 0) -> 5 | K20: =F20 / $J$4 -> -0.041249368
B21: 141 | C21: =1 / (2 * TAN(RADIANS(B21 / 2))) -> 0.17705929 | D21: =$A$4 * C21 * -1 -> -0.026470363 | E21: =$A$7 + D21 -> -0.3505079 | F21: =E21 + $A$10 -> -0.3705079 | H21: =ROUNDUP(E21 / $G$4, 0) -> 5 | I21: =E21 / $H$4 -> -0.038945322 | J21: =ROUNDUP(F21 / $G$4, 0) -> 5 | K21: =F21 / $J$4 -> -0.041167544
B22: 142 | C22: =1 / (2 * TAN(RADIANS(B22 / 2))) -> 0.17216381 | D22: =$A$4 * C22 * -1 -> -0.025738489 | E22: =$A$7 + D22 -> -0.34977603 | F22: =E22 + $A$10 -> -0.36977603 | H22: =ROUNDUP(E22 / $G$4, 0) -> 5 | I22: =E22 / $H$4 -> -0.038864003 | J22: =ROUNDUP(F22 / $G$4, 0) -> 5 | K22: =F22 / $J$4 -> -0.041086225
... B27: 155 | C27: =1 / (2 * TAN(RADIANS(B27 / 2))) -> 0.11084733 | D27: =$A$4 * C27 * -1 -> -0.016571676 | E27: =$A$7 + D27 -> -0.34060921 | F27: =E27 + $A$10 -> -0.36060921 | H27: =ROUNDUP(E27 / $G$4, 0) -> 5 | I27: =E27 / $H$4 -> -0.037845468 | J27: =ROUNDUP(F27 / $G$4, 0) -> 5 | K27: =F27 / $J$4 -> -0.04006769

Sheet Sheet3
G1: Peck (Q)
G2: Blind Hole | H2: Through Hole
A3: Diameter (in) | B3: Angle (degrees) | C3: Factor | D3: Tip Depth (in) | E3: Blind Hole Depth (in) | F3: Through Hole Depth (in) | G3: Drill Increment (in)
A4: 0.1495 | B4: 30 | C4: =1 / (2 * TAN(RADIANS(B4 / 2))) -> 1.8660254 | D4: =$A$4 * C4 * -1 -> -0.2789708 | E4: =$A$7 + D4 -> -0.60300833 | F4: =E4 + $A$10 -> -0.62300833 | G4: =ROUNDUP(($A$16 - E4) / $A$13, 3) -> 0.131 | H4: =ROUNDUP(($A$16 - F4) / $A$13, 3) -> 0.135
B5: 45 | C5: =1 / (2 * TAN(RADIANS(B5 / 2))) -> 1.2071068 | D5: =$A$4 * C5 * -1 -> -0.18046246 | E5: =$A$7 + D5 -> -0.5045 | F5: =E5 + $A$10 -> -0.5245 | G5: =ROUNDUP(($A$16 - E5) / $A$13, 3) -> 0.111 | H5: =ROUNDUP(($A$16 - F5) / $A$13, 3) -> 0.115
A6: Drill Depth (in) | B6: 60 | C6: =1 / (2 * TAN(RADIANS(B6 / 2))) -> 0.8660254 | D6: =$A$4 * C6 * -1 -> -0.1294708 | E6: =$A$7 + D6 -> -0.45350833 | F6: =E6 + $A$10 -> -0.47350833 | G6: =ROUNDUP(($A$16 - E6) / $A$13, 3) -> 0.101 | H6: =ROUNDUP(($A$16 - F6) / $A$13, 3) -> 0.105
A7: =-0.375 - D18 - A10 -> -0.32403754 | B7: 82 | C7: =1 / (2 * TAN(RADIANS(B7 / 2))) -> 0.5751842 | D7: =$A$4 * C7 * -1 -> -0.085990038 | E7: =$A$7 + D7 -> -0.41002757 | F7: =E7 + $A$10 -> -0.43002757 | G7: =ROUNDUP(($A$16 - E7) / $A$13, 3) -> 0.093 | H7: =ROUNDUP(($A$16 - F7) / $A$13, 3) -> 0.097
B8: 85 | C8: =1 / (2 * TAN(RADIANS(B8 / 2))) -> 0.54565425 | D8: =$A$4 * C8 * -1 -> -0.08157531 | E8: =$A$7 + D8 -> -0.40561285 | F8: =E8 + $A$10 -> -0.42561285 | G8: =ROUNDUP(($A$16 - E8) / $A$13, 3) -> 0.092 | H8: =ROUNDUP(($A$16 - F8) / $A$13, 3) -> 0.096
A9: Break Through (in) | B9: 90 | C9: =1 / (2 * TAN(RADIANS(B9 / 2))) -> 0.5 | D9: =$A$4 * C9 * -1 -> -0.07475 | E9: =$A$7 + D9 -> -0.39878754 | F9: =E9 + $A$10 -> -0.41878754 | G9: =ROUNDUP(($A$16 - E9) / $A$13, 3) -> 0.09 | H9: =ROUNDUP(($A$16 - F9) / $A$13, 3) -> 0.094
A10: -0.02 | B10: 100 | C10: =1 / (2 * TAN(RADIANS(B10 / 2))) -> 0.41954982 | D10: =$A$4 * C10 * -1 -> -0.062722697 | E10: =$A$7 + D10 -> -0.38676023 | F10: =E10 + $A$10 -> -0.40676023 | G10: =ROUNDUP(($A$16 - E10) / $A$13, 3) -> 0.088 | H10: =ROUNDUP(($A$16 - F10) / $A$13, 3) -> 0.092
B11: 110 | C11: =1 / (2 * TAN(RADIANS(B11 / 2))) -> 0.35010377 | D11: =$A$4 * C11 * -1 -> -0.052340513 | E11: =$A$7 + D11 -> -0.37637805 | F11: =E11 + $A$10 -> -0.39637805 | G11: =ROUNDUP(($A$16 - E11) / $A$13, 3) -> 0.086 | H11: =ROUNDUP(($A$16 - F11) / $A$13, 3) -> 0.09
A12: Peck Quantity | B12: 118 | C12: =1 / (2 * TAN(RADIANS(B12 / 2))) -> 0.30043031 | D12: =$A$4 * C12 * -1 -> -0.044914331 | E12: =$A$7 + D12 -> -0.36895187 | F12: =E12 + $A$10 -> -0.38895187 | G12: =ROUNDUP(($A$16 - E12) / $A$13, 3) -> 0.084 | H12: =ROUNDUP(($A$16 - F12) / $A$13, 3) -> 0.088
A13: 5 | B13: 120 | C13: =1 / (2 * TAN(RADIANS(B13 / 2))) -> 0.28867513 | D13: =$A$4 * C13 * -1 -> -0.043156933 | E13: =$A$7 + D13 -> -0.36719447 | F13: =E13 + $A$10 -> -0.38719447 | G13: =ROUNDUP(($A$16 - E13) / $A$13, 3) -> 0.084 | H13: =ROUNDUP(($A$16 - F13) / $A$13, 3) -> 0.088
B14: 124 | C14: =1 / (2 * TAN(RADIANS(B14 / 2))) -> 0.26585472 | D14: =$A$4 * C14 * -1 -> -0.03974528 | E14: =$A$7 + D14 -> -0.36378282 | F14: =E14 + $A$10 -> -0.38378282 | G14: =ROUNDUP(($A$16 - E14) / $A$13, 3) -> 0.083 | H14: =ROUNDUP(($A$16 - F14) / $A$13, 3) -> 0.087
A15: Retraction Plane (in) | B15: 127 | C15: =1 / (2 * TAN(RADIANS(B15 / 2))) -> 0.2492908 | D15: =$A$4 * C15 * -1 -> -0.037268975 | E15: =$A$7 + D15 -> -0.36130651 | F15: =E15 + $A$10 -> -0.38130651 | G15: =ROUNDUP(($A$16 - E15) / $A$13, 3) -> 0.083 | H15: =ROUNDUP(($A$16 - F15) / $A$13, 3) -> 0.087
A16: 0.05 | B16: 130 | C16: =1 / (2 * TAN(RADIANS(B16 / 2))) -> 0.23315383 | D16: =$A$4 * C16 * -1 -> -0.034856497 | E16: =$A$7 + D16 -> -0.35889403 | F16: =E16 + $A$10 -> -0.37889403 | G16: =ROUNDUP(($A$16 - E16) / $A$13, 3) -> 0.082 | H16: =ROUNDUP(($A$16 - F16) / $A$13, 3) -> 0.086
B17: 132 | C17: =1 / (2 * TAN(RADIANS(B17 / 2))) -> 0.22261434 | D17: =$A$4 * C17 * -1 -> -0.033280844 | E17: =$A$7 + D17 -> -0.35731838 | F17: =E17 + $A$10 -> -0.37731838 | G17: =ROUNDUP(($A$16 - E17) / $A$13, 3) -> 0.082 | H17: =ROUNDUP(($A$16 - F17) / $A$13, 3) -> 0.086
B18: 135 | C18: =1 / (2 * TAN(RADIANS(B18 / 2))) -> 0.20710678 | D18: =$A$4 * C18 * -1 -> -0.030962464 | E18: =$A$7 + D18 -> -0.355 | F18: =E18 + $A$10 -> -0.375 | G18: =ROUNDUP(($A$16 - E18) / $A$13, 3) -> 0.081 | H18: =ROUNDUP(($A$16 - F18) / $A$13, 3) -> 0.085
B19: 137 | C19: =1 / (2 * TAN(RADIANS(B19 / 2))) -> 0.19695524 | D19: =$A$4 * C19 * -1 -> -0.029444808 | E19: =$A$7 + D19 -> -0.35348234 | F19: =E19 + $A$10 -> -0.37348234 | G19: =ROUNDUP(($A$16 - E19) / $A$13, 3) -> 0.081 | H19: =ROUNDUP(($A$16 - F19) / $A$13, 3) -> 0.085
B20: 140 | C20: =1 / (2 * TAN(RADIANS(B20 / 2))) -> 0.18198512 | D20: =$A$4 * C20 * -1 -> -0.027206775 | E20: =$A$7 + D20 -> -0.35124431 | F20: =E20 + $A$10 -> -0.37124431 | G20: =ROUNDUP(($A$16 - E20) / $A$13, 3) -> 0.081 | H20: =ROUNDUP(($A$16 - F20) / $A$13, 3) -> 0.085
B21: 141 | C21: =1 / (2 * TAN(RADIANS(B21 / 2))) -> 0.17705929 | D21: =$A$4 * C21 * -1 -> -0.026470363 | E21: =$A$7 + D21 -> -0.3505079 | F21: =E21 + $A$10 -> -0.3705079 | G21: =ROUNDUP(($A$16 - E21) / $A$13, 3) -> 0.081 | H21: =ROUNDUP(($A$16 - F21) / $A$13, 3) -> 0.085
B22: 142 | C22: =1 / (2 * TAN(RADIANS(B22 / 2))) -> 0.17216381 | D22: =$A$4 * C22 * -1 -> -0.025738489 | E22: =$A$7 + D22 -> -0.34977603 | F22: =E22 + $A$10 -> -0.36977603 | G22: =ROUNDUP(($A$16 - E22) / $A$13, 3) -> 0.08 | H22: =ROUNDUP(($A$16 - F22) / $A$13, 3) -> 0.084
B23: 143 | C23: =1 / (2 * TAN(RADIANS(B23 / 2))) -> 0.16729766 | D23: =$A$4 * C23 * -1 -> -0.025011 | E23: =$A$7 + D23 -> -0.34904854 | F23: =E23 + $A$10 -> -0.36904854 | G23: =ROUNDUP(($A$16 - E23) / $A$13, 3) -> 0.08 | H23: =ROUNDUP(($A$16 - F23) / $A$13, 3) -> 0.084
B24: 145 | C24: =1 / (2 * TAN(RADIANS(B24 / 2))) -> 0.15764939 | D24: =$A$4 * C24 * -1 -> -0.023568584 | E24: =$A$7 + D24 -> -0.34760612 | F24: =E24 + $A$10 -> -0.36760612 | G24: =ROUNDUP(($A$16 - E24) / $A$13, 3) -> 0.08 | H24: =ROUNDUP(($A$16 - F24) / $A$13, 3) -> 0.084
B25: 147 | C25: =1 / (2 * TAN(RADIANS(B25 / 2))) -> 0.14810675 | D25: =$A$4 * C25 * -1 -> -0.022141959 | E25: =$A$7 + D25 -> -0.34617949 | F25: =E25 + $A$10 -> -0.36617949 | G25: =ROUNDUP(($A$16 - E25) / $A$13, 3) -> 0.08 | H25: =ROUNDUP(($A$16 - F25) / $A$13, 3) -> 0.084
B26: 150 | C26: =1 / (2 * TAN(RADIANS(B26 / 2))) -> 0.1339746 | D26: =$A$4 * C26 * -1 -> -0.020029202 | E26: =$A$7 + D26 -> -0.34406674 | F26: =E26 + $A$10 -> -0.36406674 | G26: =ROUNDUP(($A$16 - E26) / $A$13, 3) -> 0.079 | H26: =ROUNDUP(($A$16 - F26) / $A$13, 3) -> 0.083
B27: 155 | C27: =1 / (2 * TAN(RADIANS(B27 / 2))) -> 0.11084733 | D27: =$A$4 * C27 * -1 -> -0.016571676 | E27: =$A$7 + D27 -> -0.34060921 | F27: =E27 + $A$10 -> -0.36060921 | G27: =ROUNDUP(($A$16 - E27) / $A$13, 3) -> 0.079 | H27: =ROUNDUP(($A$16 - F27) / $A$13, 3) -> 0.083

Sheet Perent Error
A1: angle (degrees) | B1: Percent Error
A2: 60 | B2: =(Sheet1!D2 - Sheet2!C6) / Sheet1!D2 -> -2.9334624e-05
A3: 82 | B3: =(Sheet1!D3-Sheet2!C7)/Sheet1!D3 -> -0.00032035411
A4: 90 | B4: =(Sheet1!D4 - Sheet2!C9) / Sheet1!D4 -> 0
A5: 118 | B5: =(Sheet1!D5 - Sheet2!C12) / Sheet1!D5 -> -0.001434365
A6: 120 | B6: =(Sheet1!D6-Sheet2!C13)/Sheet1!D6 -> -0.0023442173
A7: 135 | B7: =(Sheet1!D7 - Sheet2!C18) / Sheet1!D7 -> -0.00051585114

Sheet Tapping
A1: Through Hole | D1: Tap
A2: Threads per Inch | B2: Hole Depth (in) | C2: Extra Threads | D2: Break Through (in) | E2: Total Distance (in)
A3: 24 | B3: -2 | C3: 7 | D3: =C3 * 1 / A3 -> 0.29166667 | E3: =B3 - D3 -> -2.2916667
A5: Threads per Inch | B5: Pitch Ratio | C5: Tap Depth (in) | D5: Extra Threads | E5: Chamfer Length (in) | F5: Blind Hole (in) | G5: Through Hole (in)
A6: 24 | B6: 5 | C6: -0.36 | D6: 1 | E6: =B6 / A6 -> 0.20833333 | F6: =C6 - E6 -> -0.56833333 | G6: =-1 * (D6 / A6) + F6 -> -0.61

Sheet Countersinking
A1: Depth (in) | C1: Countersink Diameter (in) | G1: Countersink Diameter (in) | I1: Depth (in)
A2: -0.01 | C2: =A8 + 2 * (A2 * -1) * TAN(RADIANS(A5 / 2)) -> 0.21838573 | G2: 2.38 | I2: =(((G2 / 2 + G11) - (G5 / 2)) / TAN(RADIANS(G8 / 2))) * -1 -> -0.28255
A4: Angle (degrees) | C4: Δ Diameter | G4: Hole Diameter (in)
A5: 82 | C5: =C2 - A8 -> 0.017385735 | G5: 1.9149
A7: Hole Diameter (in) | G7: Tool Angle (degrees)
A8: 0.201 | G8: 90
G10: Left Cutter Compensation Amount (in)
G11: 0.05
